{
  "$schema": "https://developer.microsoft.com/json-schemas/spfx/client-side-web-part-manifest.schema.json",
  "id": "e899ac12-9256-4c8d-a8ad-dbd20fc459c3",
  "alias": "SearchRefinersWebPart",
  "componentType": "WebPart",
  "version": "*",
  "manifestVersion": 2,
  "supportsFullBleed": true,
  "supportsThemeVariants": true,
  "requiresCustomScript": false,
  "supportedHosts": [
    "SharePointWebPart"
  ],
  "loadLegacyFabricCss": true,
  "preconfiguredEntries": [{
    "groupId": "5c03119e-3074-46fd-976b-c60198311f70",
    "group": {
      "default": "PnP"
    },
    "title": {
      "default": "Search Filters",
      "fr-fr": "Filtres de recherche"
    },
    "description": {
      "default": "Displays the customizable dynamic filters",
      "fr-fr": "Affiche les filtres dynamiques personnalisables"
    },
    "officeFabricIconFontName": "Filter",
    "properties": {
      "webPartTitle": "",
      "showBlank": true,
      "refinersConfiguration": [{
          "refinerName": "Created",
          "displayValue": "Created Date",
          "refinerSortType": 3,
          "template": 5
        },
        {
          "refinerName": "Size",
          "displayValue": "Size of the file",
          "refinerSortType": 2,
          "refinerSortDirection": 2
        },
        {
          "refinerName": "owstaxidmetadataalltagsinfo",
          "displayValue": "Tags",
          "refinerSortType": 1,
          "refinerSortDirection": 1
        },
        {
          "refinerName": "RefinableString06",
          "displayValue": "Person",
          "refinerSortType": 1,
          "refinerSortDirection": 1,
          "template": 6
        }
      ],
      "searchQuery": "",
      "availableRefiners": []
    }
  }]
}
