{
    "$schema": "https://developer.microsoft.com/json-schemas/spfx/client-side-web-part-manifest.schema.json",
    "id": "42ad2740-3c60-49cf-971a-c44e33511b93",
    "alias": "SearchResultsWebPart",
    "componentType": "WebPart",
    "version": "*",
    "manifestVersion": 2,
    "supportsFullBleed": true,
    "supportsThemeVariants": true,
    "requiresCustomScript": false,
    "supportedHosts": ["SharePointWebPart"],
    "loadLegacyFabricCss": true,
    "preconfiguredEntries": [{
        "groupId": "5c03119e-3074-46fd-976b-c60198311f70",
        "group": {
            "default": "PnP"
        },
        "title": {
            "default": "Search Results",
            "fr-fr": "Résultats de recherche"
        },
        "description": {
            "default": "Displays search results",
            "fr-fr": "Affiche des r�sulats de recherche"
        },
        "officeFabricIconFontName": "SearchAndApps",
        "properties": {
            "queryKeywords": "",
            "queryTemplate": "{searchTerms}",
            "sortList": [{
                    "sortField": "Created",
                    "sortDirection": 1
                },
                {
                    "sortField": "Size",
                    "sortDirection": 2
                }
            ],
            "selectedProperties": "Title,Path,Created,Filename,SiteLogo,PreviewUrl,PictureThumbnailURL,ServerRedirectedPreviewURL,ServerRedirectedURL,HitHighlightedSummary,FileType,contentclass,ServerRedirectedEmbedURL,ParentLink,DefaultEncodingURL,owstaxidmetadataalltagsinfo,Author,AuthorOWSUSER,SPSiteUrl,SiteTitle,IsContainer,IsListItem,HtmlFileType,SiteId,WebId,UniqueID",
            "enableQueryRules": false,
            "includeOneDriveResults": false,
            "showBlank": true,
            "showResultsCount": true,
            "webPartTitle": "",
            "enableLocalization": true,
            "useDefaultSearchQuery": false,
            "resultTypes": [],
            "useExternalRefinersDisplay": false,
            "useExternalPaginationDisplay": false,
            "appliedRefiners": [],
            "refinersConfiguration": []
        }
    }]
}