{
  "$schema": "https://developer.microsoft.com/json-schemas/spfx/client-side-web-part-manifest.schema.json",
  "id": "9d441773-f735-46a3-9ca0-9e2eb4bef203",
  "alias": "SearchVerticalsWebPart",
  "componentType": "WebPart",
  "version": "*",
  "manifestVersion": 2,
  "requiresCustomScript": false,
  "supportsThemeVariants": true,
  "supportedHosts": ["SharePointWebPart"],
  "loadLegacyFabricCss": true,
  "preconfiguredEntries": [{
    "groupId": "5c03119e-3074-46fd-976b-c60198311f70",
    "group": {
        "default": "PnP"
    },
    "title": {
      "default": "Search Verticals",
      "fr-fr": "Verticaux de recherche"
  },
  "description": {
      "default": "Allows you to search by search verticals",
      "fr-fr": "Permets de rechercher à travers des verticaux de recherche"
  },
    "officeFabricIconFontName": "Sections",
    "properties": {
    }
  }]
}
